-- phpMyAdmin SQL Dump
-- version 4.9.7
-- https://www.phpmyadmin.net/
--
-- Servidor: localhost:3306
-- Tiempo de generación: 01-09-2022 a las 16:27:07
-- Versión del servidor: 8.0.29-cll-lve
-- Versión de PHP: 7.4.30

SET SQL_MODE = "NO_AUTO_VALUE_ON_ZERO";
SET AUTOCOMMIT = 0;
START TRANSACTION;
SET time_zone = "+00:00";


/*!40101 SET @OLD_CHARACTER_SET_CLIENT=@@CHARACTER_SET_CLIENT */;
/*!40101 SET @OLD_CHARACTER_SET_RESULTS=@@CHARACTER_SET_RESULTS */;
/*!40101 SET @OLD_COLLATION_CONNECTION=@@COLLATION_CONNECTION */;
/*!40101 SET NAMES utf8mb4 */;

--
-- Base de datos: `plataf99_tecnisystems_records`
--

-- --------------------------------------------------------

--
-- Estructura de tabla para la tabla `location_records`
--

CREATE TABLE `location_records` (
  `idLocationRecord` int NOT NULL,
  `Latitude` varchar(100) CHARACTER SET utf8mb3 COLLATE utf8_unicode_ci NOT NULL,
  `Longitude` varchar(100) CHARACTER SET utf8mb3 COLLATE utf8_unicode_ci NOT NULL
) ENGINE=InnoDB DEFAULT CHARSET=utf8mb3 COLLATE=utf8_unicode_ci;

--
-- Volcado de datos para la tabla `location_records`
--

INSERT INTO `location_records` (`idLocationRecord`, `Latitude`, `Longitude`) VALUES
(1, 'denegado', 'denegado'),
(2, '4.6089', '-74.0943'),
(3, '4.6302155', '-74.1090363'),
(4, '4.630199840512487', '-74.10898570713393'),
(5, '4.6302103', '-74.1090418'),
(6, '4.630211', '-74.1090413'),
(7, '4.6302143', '-74.1090386'),
(8, '4.6302159', '-74.1090482'),
(9, '4.6302154', '-74.1090428'),
(10, '4.6384', '-74.1443'),
(11, '4.6302094', '-74.1090405'),
(12, '4.6302111', '-74.1090454'),
(13, '4.6302153', '-74.1090344'),
(14, '4.630147302527565', '-74.10921053036499'),
(15, '4.6458097', '-74.0833292'),
(16, '5.6748059', '-72.9326849'),
(17, '5.6748108', '-72.9326919'),
(18, '5.6748063', '-72.9326857'),
(19, '5.7147392', '-72.9317376'),
(20, '4.645752524259119', '-74.08319127427667'),
(21, '4.6497792', '-74.1474304'),
(22, '5.537792', '-73.3609984'),
(23, '5.5532077', '-73.3540306'),
(24, '4.6006272', '-74.153984'),
(25, '4.645763784302066', '-74.08314305218124'),
(26, '5.553262', '-73.3540293'),
(27, '5.5532421', '-73.3540254'),
(28, '5.5622399', '-73.3590686'),
(29, '4.645771332328368', '-74.08311940821334'),
(30, '4.645830406928607', '-74.08311092474837'),
(31, '4.6303361', '-74.1376942');

-- --------------------------------------------------------

--
-- Estructura de tabla para la tabla `records`
--

CREATE TABLE `records` (
  `idRecord` int NOT NULL,
  `Record` varchar(500) CHARACTER SET utf8mb3 COLLATE utf8_unicode_ci NOT NULL,
  `dateRecord` date NOT NULL,
  `timeRecord` time NOT NULL,
  `idLocationRecord` int NOT NULL,
  `idUser` int NOT NULL,
  `idTypeUser` int NOT NULL
) ENGINE=InnoDB DEFAULT CHARSET=utf8mb3 COLLATE=utf8_unicode_ci;

--
-- Volcado de datos para la tabla `records`
--

INSERT INTO `records` (`idRecord`, `Record`, `dateRecord`, `timeRecord`, `idLocationRecord`, `idUser`, `idTypeUser`) VALUES
(1, 'click en Usuarios', '2022-08-20', '00:27:37', 1, 2, 4),
(2, 'click en Usuarios', '2022-08-20', '00:27:37', 1, 2, 4),
(3, 'click en Cerrar Sesión', '2022-08-25', '23:44:00', 1, 1, 3),
(4, 'click en Cerrar Sesión', '2022-08-25', '23:51:53', 1, 1, 3),
(5, 'Buscando reportes: te', '2022-08-25', '23:55:06', 2, 1, 2),
(6, 'click en Clientes', '2022-08-25', '23:55:10', 2, 1, 2),
(7, 'click en Historial', '2022-08-25', '23:55:17', 2, 1, 2),
(8, 'click en Configuración', '2022-08-25', '23:55:18', 2, 1, 2),
(9, 'click en Cerrar Sesión', '2022-08-25', '23:55:20', 2, 1, 2),
(10, 'click en Cerrar Sesión', '2022-08-26', '00:24:25', 2, 2, 4),
(11, 'click en Historial', '2022-08-26', '00:25:16', 2, 2, 4),
(12, 'click en Configuración', '2022-08-26', '00:25:18', 2, 2, 4),
(13, 'click en Cerrar Sesión', '2022-08-26', '00:25:20', 2, 2, 4),
(14, 'click en Usuarios', '2022-08-26', '00:25:21', 2, 2, 4),
(15, 'click en Cerrar Sesión', '2022-08-26', '00:25:52', 2, 2, 4),
(16, 'click en Proveedores', '2022-08-26', '00:26:23', 2, 1, 3),
(17, 'click en Productos', '2022-08-26', '00:26:28', 2, 1, 3),
(18, 'click en Historial', '2022-08-26', '00:26:34', 2, 1, 3),
(19, 'click en Configuración', '2022-08-26', '00:26:35', 2, 1, 3),
(20, 'click en Proveedores', '2022-08-26', '00:26:37', 2, 1, 3),
(21, 'click en Cerrar Sesión', '2022-08-26', '00:26:42', 2, 1, 3),
(22, 'Buscando reportes: te', '2022-08-26', '00:28:22', 2, 1, 2),
(23, 'click en Clientes', '2022-08-26', '00:28:25', 2, 1, 2),
(24, 'click en Historial', '2022-08-26', '00:28:26', 2, 1, 2),
(25, 'click en Clientes', '2022-08-26', '00:28:27', 2, 1, 2),
(26, 'click en Historial', '2022-08-26', '00:28:34', 2, 1, 2),
(27, 'click en Configuración', '2022-08-26', '00:28:34', 2, 1, 2),
(28, 'click en Cerrar Sesión', '2022-08-26', '00:28:35', 2, 1, 2),
(29, 'click en Historial', '2022-08-26', '00:28:36', 2, 1, 2),
(30, 'click en Cerrar Sesión', '2022-08-26', '00:28:44', 2, 1, 2),
(31, 'click en Consultar Máquina', '2022-08-26', '00:39:34', 2, 2, 1),
(32, 'Buscando maquina con texto: t', '2022-08-26', '00:39:37', 2, 2, 1),
(33, 'click en Historial', '2022-08-26', '00:39:40', 2, 2, 1),
(34, 'click en Configuración', '2022-08-26', '00:39:41', 2, 2, 1),
(35, 'click en Cerrar Sesión', '2022-08-26', '00:39:42', 2, 2, 1),
(36, 'click en Informes', '2022-08-26', '00:39:43', 2, 2, 1),
(37, 'click en Cerrar Sesión', '2022-08-26', '00:39:46', 2, 2, 1),
(38, 'click en Configuración', '2022-08-26', '00:41:07', 2, 2, 1),
(39, 'click en Historial', '2022-08-26', '00:41:08', 2, 2, 1),
(40, 'click en Consultar Máquina', '2022-08-26', '00:41:09', 2, 2, 1),
(41, 'click en Informes', '2022-08-26', '00:41:09', 2, 2, 1),
(42, 'click en Cerrar Sesión', '2022-08-26', '00:46:47', 2, 1, 2),
(43, 'click en Consultar Máquina', '2022-08-26', '00:54:04', 1, 2, 1),
(44, 'click en Consultar Máquina', '2022-08-26', '00:54:10', 1, 2, 1),
(45, 'click en Consultar Máquina', '2022-08-26', '00:54:13', 1, 2, 1),
(46, 'click en Historial', '2022-08-26', '00:54:19', 1, 2, 1),
(47, 'click en Configuración', '2022-08-26', '00:54:22', 1, 2, 1),
(48, 'click en Cerrar Sesión', '2022-08-26', '00:54:25', 1, 2, 1),
(49, 'click en Informes', '2022-08-26', '00:54:27', 1, 2, 1),
(50, 'click en Informes', '2022-08-26', '00:54:37', 1, 2, 1),
(51, 'click en Usuarios', '2022-08-26', '00:56:04', 2, 2, 4),
(52, 'click en Usuarios', '2022-08-26', '01:02:01', 2, 2, 4),
(53, 'click en Usuarios', '2022-08-26', '01:11:52', 2, 2, 4),
(54, 'click en Usuarios', '2022-08-26', '01:22:59', 2, 2, 4),
(55, 'click en Usuarios', '2022-08-26', '01:26:52', 2, 2, 4),
(56, 'click en Cerrar Sesión', '2022-08-26', '01:27:48', 2, 2, 4),
(57, 'click en Consultar Máquina', '2022-08-26', '04:58:26', 1, 2, 1),
(58, 'abriendo escaner QR: ', '2022-08-26', '04:58:27', 1, 2, 1),
(59, 'click en Historial', '2022-08-26', '04:59:04', 1, 2, 1),
(60, 'click en Configuración', '2022-08-26', '04:59:07', 1, 2, 1),
(61, 'click en Informes', '2022-08-26', '04:59:11', 1, 2, 1),
(62, 'click en Informes', '2022-08-26', '04:59:22', 1, 2, 1),
(63, 'click en Consultar Máquina', '2022-08-26', '10:01:48', 1, 2, 1),
(64, 'abriendo escaner QR: ', '2022-08-26', '10:01:56', 1, 2, 1),
(65, 'click en Consultar Máquina', '2022-08-26', '10:03:35', 1, 2, 1),
(66, 'abriendo escaner QR: ', '2022-08-26', '10:03:37', 1, 2, 1),
(67, 'cerrando escaner QR: ', '2022-08-26', '10:03:45', 1, 2, 1),
(68, 'abriendo escaner QR: ', '2022-08-26', '10:03:49', 1, 2, 1),
(69, 'cerrando escaner QR: ', '2022-08-26', '10:03:52', 1, 2, 1),
(70, 'click en Cerrar Sesión', '2022-08-26', '10:03:58', 1, 2, 1),
(71, 'click en Consultar Máquina', '2022-08-26', '10:19:37', 1, 2, 1),
(72, 'abriendo escaner QR: ', '2022-08-26', '10:19:38', 1, 2, 1),
(73, 'cerrando escaner QR: ', '2022-08-26', '10:19:49', 1, 2, 1),
(74, 'click en Cerrar Sesión', '2022-08-26', '10:20:09', 1, 2, 1),
(75, 'click en Cerrar Sesión', '2022-08-26', '10:43:54', 1, 2, 4),
(76, 'click en Informes', '2022-08-26', '10:54:23', 3, 5, 1),
(77, 'click en Informes', '2022-08-26', '10:54:44', 3, 5, 1),
(78, 'click en Informes\n', '2022-08-26', '10:54:52', 4, 2, 2),
(79, 'click en Informes', '2022-08-26', '10:54:52', 5, 5, 1),
(80, 'click en Informes', '2022-08-26', '10:55:11', 5, 5, 1),
(81, 'click en Informes', '2022-08-26', '10:55:18', 6, 5, 1),
(82, 'click en Informes\n', '2022-08-26', '10:56:24', 1, 2, 2),
(83, 'click en Informes\n', '2022-08-26', '10:56:28', 1, 2, 2),
(84, 'click en Clientes\n', '2022-08-26', '10:56:30', 1, 2, 2),
(85, 'click en Configuración\n', '2022-08-26', '10:56:36', 1, 2, 2),
(86, 'click en Clientes\n', '2022-08-26', '10:56:43', 1, 2, 2),
(87, 'click en Historial\n', '2022-08-26', '10:57:40', 1, 2, 2),
(88, 'click en Informes', '2022-08-26', '10:57:49', 6, 5, 1),
(89, 'click en Consultar Máquina', '2022-08-26', '10:57:55', 7, 5, 1),
(90, 'click en Configuración\n', '2022-08-26', '10:58:33', 1, 2, 2),
(91, 'click en Informes\n', '2022-08-26', '10:58:40', 1, 2, 2),
(92, 'click en Informes', '2022-08-26', '11:01:28', 8, 5, 1),
(93, 'click en Configuración', '2022-08-26', '11:02:21', 8, 5, 1),
(94, 'Cambio de contraseña: ', '2022-08-26', '11:02:56', 8, 5, 1),
(95, 'Cambio de contraseña: ', '2022-08-26', '11:03:14', 8, 5, 1),
(96, 'click en Informes', '2022-08-26', '11:03:26', 8, 5, 1),
(97, 'click en Historial\n', '2022-08-26', '11:03:37', 1, 2, 2),
(98, 'click en Configuración\n', '2022-08-26', '11:03:58', 1, 2, 2),
(99, 'click en Cerrar Sesión\n', '2022-08-26', '11:04:03', 1, 2, 2),
(100, 'click en Configuración', '2022-08-26', '11:05:11', 1, 4, 4),
(101, 'Cambio de contraseña: ', '2022-08-26', '11:06:34', 1, 4, 4),
(102, 'click en Historial', '2022-08-26', '11:06:58', 1, 2, 4),
(103, 'click en Usuarios', '2022-08-26', '11:06:59', 1, 2, 4),
(104, 'click en Historial', '2022-08-26', '11:07:00', 1, 2, 4),
(105, 'click en Configuración', '2022-08-26', '11:07:00', 1, 2, 4),
(106, 'click en Cerrar Sesión', '2022-08-26', '11:07:01', 1, 2, 4),
(107, 'click en Usuarios', '2022-08-26', '11:07:01', 1, 2, 4),
(108, 'click en Informes', '2022-08-26', '11:07:45', 9, 5, 1),
(109, 'click en Clientes', '2022-08-26', '11:07:51', 1, 1, 2),
(110, 'click en Configuración\n', '2022-08-26', '11:11:03', 1, 2, 2),
(111, 'click en Clientes\n', '2022-08-26', '11:11:08', 1, 2, 2),
(112, 'click en Informes\n', '2022-08-26', '11:11:41', 1, 2, 2),
(113, 'click en Informes\n', '2022-08-26', '11:11:42', 1, 2, 2),
(114, 'click en Clientes\n', '2022-08-26', '11:11:42', 1, 2, 2),
(115, 'Nuevo cliente agregado: 1057594778 | john jairo sas | johnLopez@gmail.com', '2022-08-26', '11:12:13', 1, 1, 2),
(116, 'Buscando clientes: $2y$10$j6DSP3HKQQw6WyW/J/CW4uOk3XnglYpueOm.nDw6asYmmU/VVPGky | ', '2022-08-26', '11:12:40', 9, 5, 1),
(117, 'Buscando clientes: $2y$10$j6DSP3HKQQw6WyW/J/CW4uOk3XnglYpueOm.nDw6asYmmU/VVPGky | ', '2022-08-26', '11:12:43', 9, 5, 1),
(118, 'Cambio de contraseña: ', '2022-08-26', '11:15:07', 1, 4, 4),
(119, 'click en Productos', '2022-08-26', '11:15:16', 1, 1, 3),
(120, 'click en Proveedores', '2022-08-26', '11:15:18', 1, 1, 3),
(121, 'click en Cerrar Sesión', '2022-08-26', '11:15:32', 1, 4, 4),
(122, 'Nuevo proveedor insertado con éxito.', '2022-08-26', '11:17:15', 1, 1, 3),
(123, 'click en Productos', '2022-08-26', '11:17:16', 1, 1, 3),
(124, 'Reporte creado. \nContenido: \n\n- Imagen Firma cliente almacenada correctamente.\n- Imagen Qr img almacenada correctamente.\n- Nuevo reporte insertado. \nSerial del reporte:\nTRE2208261134000001', '2022-08-26', '11:21:00', 9, 5, 1),
(125, 'click en Informes', '2022-08-26', '11:21:03', 1, 1, 2),
(126, 'click en Informes', '2022-08-26', '11:21:05', 1, 1, 2),
(127, 'Buscando reportes: te', '2022-08-26', '11:21:09', 1, 1, 2),
(128, 'click en Configuración', '2022-08-26', '11:23:37', 1, 4, 4),
(129, 'Cambio de contraseña: ', '2022-08-26', '11:24:41', 1, 4, 4),
(130, 'Reporte creado. \nContenido: \n\n- Imagen Firma cliente almacenada correctamente.\n- Imagen Qr img almacenada correctamente.\n- Nuevo reporte insertado. \nSerial del reporte:\nTRE2208261100000002', '2022-08-26', '11:25:01', 9, 5, 1),
(131, 'busqueda de proveedor por t', '2022-08-26', '11:25:06', 1, 1, 3),
(132, 'click en Informes', '2022-08-26', '11:25:10', 1, 1, 2),
(133, 'Buscando reportes: te', '2022-08-26', '11:25:13', 1, 1, 2),
(134, 'Buscando reportes: te', '2022-08-26', '11:28:40', 1, 1, 2),
(135, 'click en Configuración', '2022-08-26', '11:28:48', 1, 1, 2),
(136, 'click en Cerrar Sesión', '2022-08-26', '11:28:50', 1, 1, 2),
(137, 'click en Historial', '2022-08-26', '11:28:50', 1, 1, 2),
(138, 'click en Clientes', '2022-08-26', '11:28:51', 1, 1, 2),
(139, 'click en Informes', '2022-08-26', '11:28:52', 1, 1, 2),
(140, 'click en Historial', '2022-08-26', '11:29:30', 1, 1, 2),
(141, 'click en Informes', '2022-08-26', '11:29:40', 1, 1, 2),
(142, 'click en Clientes', '2022-08-26', '11:29:41', 1, 1, 2),
(143, 'click en Historial', '2022-08-26', '11:29:42', 1, 1, 2),
(144, 'click en Cerrar Sesión', '2022-08-26', '11:29:44', 1, 1, 2),
(145, 'click en Clientes', '2022-08-26', '11:29:53', 10, 1, 2),
(146, 'click en Historial', '2022-08-26', '11:29:53', 10, 1, 2),
(147, 'click en Historial', '2022-08-26', '11:34:56', 1, 4, 4),
(148, 'click en Usuarios', '2022-08-26', '11:35:23', 1, 4, 4),
(149, 'click en Historial', '2022-08-26', '11:37:49', 1, 4, 4),
(150, 'click en Configuración', '2022-08-26', '11:37:51', 1, 4, 4),
(151, 'click en Historial', '2022-08-26', '11:37:54', 1, 4, 4),
(152, 'click en Usuarios', '2022-08-26', '11:37:56', 1, 4, 4),
(153, 'click en Informes', '2022-08-26', '11:53:55', 11, 5, 1),
(154, 'click en Consultar Máquina', '2022-08-26', '11:54:03', 11, 5, 1),
(155, 'abriendo escaner QR: ', '2022-08-26', '11:54:06', 11, 5, 1),
(156, 'cerrando escaner QR: ', '2022-08-26', '11:54:24', 11, 5, 1),
(157, 'abriendo escaner QR: ', '2022-08-26', '11:54:25', 11, 5, 1),
(158, 'cerrando escaner QR: ', '2022-08-26', '11:54:34', 11, 5, 1),
(159, 'cerrando escaner QR: ', '2022-08-26', '11:54:34', 11, 5, 1),
(160, 'cerrando escaner QR: ', '2022-08-26', '11:54:34', 11, 5, 1),
(161, 'click en Informes', '2022-08-26', '11:55:38', 11, 5, 1),
(162, '123', '2022-08-26', '11:55:57', 11, 5, 1),
(163, 'click en Configuración', '2022-08-26', '11:58:02', 12, 5, 1),
(164, 'click en Consultar Máquina', '2022-08-26', '11:58:08', 13, 5, 1),
(165, 'click en Informes', '2022-08-26', '11:58:20', 13, 5, 1),
(166, 'click en Configuración', '2022-08-26', '12:01:06', 10, 2, 4),
(167, 'click en Historial', '2022-08-26', '12:01:07', 10, 2, 4),
(168, 'click en Usuarios', '2022-08-26', '12:01:09', 10, 2, 4),
(169, 'click en Historial', '2022-08-26', '12:01:10', 10, 2, 4),
(170, 'click en Configuración', '2022-08-26', '12:01:10', 10, 2, 4),
(171, 'click en Usuarios', '2022-08-26', '12:01:13', 10, 2, 4),
(172, 'click en Historial', '2022-08-26', '12:01:14', 10, 2, 4),
(173, 'click en Usuarios', '2022-08-26', '12:02:16', 10, 2, 4),
(174, 'click en Informes\n', '2022-08-26', '12:08:44', 14, 2, 2),
(175, 'click en Historial', '2022-08-26', '12:22:19', 10, 2, 4),
(176, 'click en Configuración', '2022-08-26', '12:22:20', 10, 2, 4),
(177, 'click en Cerrar Sesión', '2022-08-26', '12:22:20', 10, 2, 4),
(178, 'click en Usuarios', '2022-08-26', '12:22:21', 10, 2, 4),
(179, 'click en Productos', '2022-08-26', '12:26:01', 10, 1, 3),
(180, 'click en Informes', '2022-08-26', '17:15:00', 15, 2, 2),
(181, 'click en Clientes', '2022-08-26', '17:15:02', 15, 2, 2),
(182, 'click en Historial', '2022-08-26', '17:15:04', 15, 2, 2),
(183, 'click en Configuración', '2022-08-26', '17:15:07', 15, 2, 2),
(184, 'click en Informes', '2022-08-26', '17:15:10', 15, 2, 2),
(185, 'click en Clientes', '2022-08-26', '17:15:24', 15, 2, 2),
(186, 'click en Historial', '2022-08-26', '17:15:34', 15, 2, 2),
(187, 'click en Informes', '2022-08-26', '17:19:39', 15, 2, 2),
(188, 'click en Clientes', '2022-08-26', '17:19:41', 15, 2, 2),
(189, 'click en Informes', '2022-08-26', '17:19:45', 15, 2, 2),
(190, 'click en Clientes', '2022-08-26', '17:19:47', 15, 2, 2),
(191, 'click en Historial', '2022-08-26', '17:19:55', 15, 2, 2),
(192, 'click en Configuración', '2022-08-26', '17:20:01', 15, 2, 2),
(193, 'click en Proveedores', '2022-08-28', '11:47:26', 2, 1, 3),
(194, 'click en Productos', '2022-08-28', '11:47:29', 2, 1, 3),
(195, 't', '2022-08-28', '11:47:33', 2, 1, 3),
(196, 'busqueda de proveedor por t', '2022-08-28', '11:51:32', 2, 1, 3),
(197, 'click en Productos', '2022-08-28', '11:51:38', 2, 1, 3),
(198, 't', '2022-08-28', '11:53:45', 2, 1, 3),
(199, 'click en Cerrar Sesión', '2022-08-28', '11:57:33', 2, 1, 3),
(200, 'click en Informes', '2022-08-28', '12:02:18', 2, 1, 2),
(201, 'Buscando reportes: te', '2022-08-28', '12:02:23', 2, 1, 2),
(202, 'click en Informes', '2022-08-28', '12:02:33', 2, 1, 2),
(203, 'click en Clientes', '2022-08-28', '12:02:37', 2, 1, 2),
(204, 'buscando cliente t', '2022-08-28', '12:02:44', 2, 1, 2),
(205, 'click en Historial', '2022-08-28', '12:02:55', 2, 1, 2),
(206, 'click en Informes', '2022-08-28', '12:03:45', 2, 1, 1),
(207, 'click en Consultar Máquina', '2022-08-28', '12:04:35', 2, 1, 1),
(208, 'Buscando maquina con texto: 123', '2022-08-28', '12:04:39', 2, 1, 1),
(209, 'click en Cerrar Sesión', '2022-08-28', '12:05:02', 2, 1, 1),
(210, 'click en Historial', '2022-08-29', '08:19:22', 16, 4, 4),
(211, 'click en Historial', '2022-08-29', '08:19:27', 16, 4, 4),
(212, 'click en Usuarios', '2022-08-29', '08:19:42', 16, 4, 4),
(213, 'click en Usuarios', '2022-08-29', '08:19:58', 16, 4, 4),
(214, 'click en Usuarios', '2022-08-29', '08:20:06', 16, 4, 4),
(215, 'click en Usuarios', '2022-08-29', '08:20:16', 16, 4, 4),
(216, 'click en Historial', '2022-08-29', '08:20:22', 16, 4, 4),
(217, 'click en Configuración', '2022-08-29', '08:20:35', 16, 4, 4),
(218, 'click en Usuarios', '2022-08-29', '08:21:24', 17, 4, 4),
(219, 'click en Usuarios', '2022-08-29', '08:22:53', 17, 4, 4),
(220, 'click en Historial', '2022-08-29', '08:23:01', 17, 4, 4),
(221, 'click en Usuarios', '2022-08-29', '08:23:03', 17, 4, 4),
(222, 'click en Usuarios', '2022-08-29', '08:23:15', 17, 4, 4),
(223, 'click en Usuarios', '2022-08-29', '08:38:20', 17, 4, 4),
(224, 'click en Usuarios', '2022-08-29', '08:38:29', 18, 4, 4),
(225, 'click en Usuarios', '2022-08-29', '08:38:40', 18, 4, 4),
(226, 'click en Usuarios', '2022-08-29', '08:40:16', 18, 4, 4),
(227, 'click en Configuración', '2022-08-29', '09:09:44', 1, 4, 4),
(228, 'click en Cerrar Sesión', '2022-08-29', '09:09:45', 1, 4, 4),
(229, 'click en Historial', '2022-08-29', '09:09:46', 1, 4, 4),
(230, 'click en Usuarios', '2022-08-29', '09:10:03', 19, 4, 4),
(231, 'click en Historial', '2022-08-29', '09:10:05', 19, 4, 4),
(232, 'click en Usuarios', '2022-08-29', '09:19:31', 19, 4, 4),
(233, 'click en Informes\n', '2022-08-29', '09:40:26', 20, 2, 2),
(234, 'click en Clientes\n', '2022-08-29', '09:43:25', 20, 2, 2),
(235, 'click en Usuarios', '2022-08-29', '09:52:48', 18, 4, 4),
(236, 'click en Usuarios', '2022-08-29', '09:52:57', 18, 4, 4),
(237, 'click en Usuarios', '2022-08-29', '09:53:12', 18, 4, 4),
(238, 'click en Usuarios', '2022-08-29', '09:55:33', 18, 4, 4),
(239, 'click en Usuarios', '2022-08-29', '09:55:39', 18, 4, 4),
(240, 'click en Usuarios', '2022-08-29', '09:57:08', 18, 4, 4),
(241, 'click en Usuarios', '2022-08-29', '10:20:03', 18, 4, 4),
(242, 'click en Usuarios', '2022-08-29', '10:20:10', 18, 4, 4),
(243, 'click en Usuarios', '2022-08-29', '10:52:08', 18, 4, 4),
(244, 'click en Usuarios', '2022-08-29', '10:52:11', 18, 4, 4),
(245, 'click en Historial', '2022-08-29', '10:52:18', 18, 4, 4),
(246, 'click en Configuración', '2022-08-29', '10:52:25', 18, 4, 4),
(247, 'click en Usuarios', '2022-08-29', '10:52:27', 18, 4, 4),
(248, 'click en Usuarios', '2022-08-29', '10:53:03', 18, 4, 4),
(249, 'click en Consultar Máquina', '2022-08-29', '10:59:00', 1, 1, 1),
(250, 'click en Historial', '2022-08-29', '10:59:00', 1, 1, 1),
(251, 'click en Usuarios', '2022-08-29', '11:01:32', 1, 2, 4),
(252, 'click en Usuarios', '2022-08-29', '11:02:14', 1, 2, 4),
(253, 'click en Historial', '2022-08-29', '11:07:35', 21, 2, 4),
(254, 'click en Configuración', '2022-08-29', '11:07:36', 21, 2, 4),
(255, 'click en Cerrar Sesión', '2022-08-29', '11:07:37', 21, 2, 4),
(256, 'click en Proveedores', '2022-08-29', '11:07:43', 21, 1, 3),
(257, 'click en Productos', '2022-08-29', '11:07:43', 21, 1, 3),
(258, 'click en Historial', '2022-08-29', '11:07:45', 21, 1, 3),
(259, 'click en Configuración', '2022-08-29', '11:07:46', 21, 1, 3),
(260, 'click en Cerrar Sesión', '2022-08-29', '11:07:46', 21, 1, 3),
(261, 'click en Historial', '2022-08-29', '11:07:47', 21, 1, 3),
(262, 'click en Productos', '2022-08-29', '11:07:48', 21, 1, 3),
(263, 'Buscando reportes: te', '2022-08-29', '11:08:06', 21, 1, 2),
(264, 'click en Historial', '2022-08-29', '11:08:40', 21, 1, 1),
(265, 'click en Informes', '2022-08-29', '11:08:43', 21, 1, 1),
(266, 'click en Usuarios', '2022-08-29', '11:08:47', 21, 2, 4),
(267, 'click en Usuarios', '2022-08-29', '11:34:39', 18, 4, 4),
(268, 'click en Configuración', '2022-08-29', '13:16:35', 21, 2, 4),
(269, 'click en Historial', '2022-08-29', '13:17:09', 21, 2, 4),
(270, 'click en Usuarios', '2022-08-29', '13:17:10', 21, 2, 4),
(271, 'click en Configuración', '2022-08-29', '15:25:39', 21, 3, 2),
(272, 'Cambio de contraseña: ', '2022-08-29', '15:26:22', 21, 3, 2),
(273, 'click en Configuración', '2022-08-29', '15:36:44', 1, 4, 1),
(274, 'Cambio de contraseña: ', '2022-08-29', '15:37:09', 21, 4, 1),
(275, 'click en Configuración', '2022-08-29', '15:37:42', 21, 2, 3),
(276, 'Cambio de contraseña: ', '2022-08-29', '15:37:57', 21, 2, 3),
(277, 'click en Configuración', '2022-08-29', '15:38:25', 21, 5, 4),
(278, 'Cambio de contraseña: ', '2022-08-29', '15:38:49', 21, 5, 4),
(279, 'click en Cerrar Sesión', '2022-08-29', '15:39:36', 21, 5, 4),
(280, 'click en Clientes', '2022-08-29', '16:11:41', 1, 1, 2),
(281, 'Nuevo cliente agregado: 1111111111 | broadway restrepo | jrperezt@winnergroup.com', '2022-08-29', '16:14:56', 1, 1, 2),
(282, 'Nuevo cliente agregado: 1111111111 | rock jazz casino | jrperezt@winnergroup.com', '2022-08-29', '16:16:40', 1, 1, 2),
(283, 'buscando cliente t', '2022-08-29', '16:16:48', 1, 1, 2),
(284, 'Nuevo cliente agregado: 1111111111 | havana centro | mmarquezr@winnergroup.com', '2022-08-29', '16:22:41', 1, 1, 2),
(285, 'buscando cliente t', '2022-08-29', '16:23:03', 1, 1, 2),
(286, 'Nuevo cliente agregado: 1111111111 | broadway 2 plaza de las americas | jrperezt@winnergroup.com', '2022-08-29', '16:25:15', 1, 1, 2),
(287, 'Nuevo cliente agregado: 1111111111 | broadway rionegro | afosoriog@winnergroup.com', '2022-08-29', '16:26:59', 1, 1, 2),
(288, 'buscando cliente t', '2022-08-29', '16:27:05', 1, 1, 2),
(289, 'Nuevo cliente agregado: 1111111111 | caribe casino la playa | srestrepoc@winnergroup.com', '2022-08-29', '16:29:12', 1, 1, 2),
(290, 'Nuevo cliente agregado: 1111111111 | rio casino medellin | srestrepoc@winnergroup.com', '2022-08-29', '16:30:30', 1, 1, 2),
(291, 'click en Clientes', '2022-08-29', '16:36:27', 1, 1, 2),
(292, 'buscando cliente t', '2022-08-29', '16:36:35', 1, 1, 2),
(293, 'Nuevo cliente agregado: 1111111111 | Circus bello | afosoriog@winnergroup.com', '2022-08-29', '16:38:39', 1, 1, 2),
(294, 'Nuevo cliente agregado: 1111111111 | broadway itagui2 | afosoriog@winnergroup.com', '2022-08-29', '16:40:20', 1, 1, 2),
(295, 'Nuevo cliente agregado: 1111111111 | hollywood casino y café concert milla oro | srestrepoc@winnergroup.com', '2022-08-29', '16:42:05', 1, 1, 2),
(296, 'Nuevo cliente agregado: 1111111111 | havana casino la 70 | srestrepoc@winnergroup.com', '2022-08-29', '16:42:54', 1, 1, 2),
(297, 'buscando cliente t', '2022-08-29', '16:44:25', 1, 1, 2),
(298, 'Nuevo cliente agregado: 1111111111 | havana casino la 80 broadway | afosoriog@winnergroup.com', '2022-08-29', '16:44:33', 1, 1, 2),
(299, 'buscando cliente t', '2022-08-29', '16:44:38', 1, 1, 2),
(300, 'Nuevo cliente agregado: 1111111111 | broadway apartado | jrperezt@winnergroup.com', '2022-08-29', '16:46:29', 1, 1, 2),
(301, 'Nuevo cliente agregado: 1111111111 | condado armenia | gvarone@winnergroup.com', '2022-08-29', '16:48:15', 1, 1, 2),
(302, 'buscando cliente t', '2022-08-29', '16:48:20', 1, 1, 2),
(303, 'solicitando edicion del cliente 1111111111', '2022-08-29', '16:48:55', 1, 1, 2),
(304, 'Datos de cliente actualizados: 1111111111 | condado armenia | gvarone@winnergroup.com', '2022-08-29', '16:49:35', 1, 1, 2),
(305, 'buscando cliente t', '2022-08-29', '16:49:45', 1, 1, 2),
(306, 'Nuevo cliente agregado: 1111111111 | havana casino plaza cali | gvarone@winnergroup.com', '2022-08-29', '16:53:19', 1, 1, 2),
(307, 'Nuevo cliente agregado: 1111111111 | hollywood casino y café concert cali | gvarone@winnergroup.com', '2022-08-29', '16:55:32', 1, 1, 2),
(308, 'Nuevo cliente agregado: 1111111111 | broadway centro cali | gvarone@winnergroup.com', '2022-08-29', '16:57:09', 1, 1, 2),
(309, 'Nuevo cliente agregado: 1111111111 | rio casino cartagena | yjvillegasm@winnergroup.com', '2022-08-29', '17:01:57', 1, 1, 2),
(310, 'buscando cliente t', '2022-08-29', '17:02:29', 1, 1, 2),
(311, 'Nuevo cliente agregado: 1111111111 | havana casino monteria | yjvillegasm@winnergroup.com', '2022-08-29', '17:03:38', 1, 1, 2),
(312, 'buscando cliente t', '2022-08-29', '17:03:45', 1, 1, 2),
(313, 'Nuevo cliente agregado: 1111111111 | condado la 29 monteria | yjvillegasm@winnergroup.com', '2022-08-29', '17:05:15', 1, 1, 2),
(314, 'Nuevo cliente agregado: 1111111111 | broadway pereira | gvarone@winnergroup.com', '2022-08-29', '17:06:49', 1, 1, 2),
(315, 'Nuevo cliente agregado: 1111111111 | rio casino pereira | gvarone@winnergroup.com', '2022-08-29', '17:08:03', 1, 1, 2),
(316, 'Nuevo cliente agregado: 1111111111 | rio casino sincelejo | yjvillegasm@winnergroup.com', '2022-08-29', '17:09:51', 1, 1, 2),
(317, 'buscando cliente t', '2022-08-29', '17:10:05', 1, 1, 2),
(318, 'Nuevo cliente agregado: 1111111111 | broadway sincelejo | yjvillegasm@winnergroup.com', '2022-08-29', '17:12:06', 1, 1, 2),
(319, 'buscando cliente t', '2022-08-29', '17:12:13', 1, 1, 2),
(320, 'Nuevo cliente agregado: 1111111111 | condado villavicencio | jrperezt@winnergroup.com', '2022-08-29', '17:14:56', 1, 1, 2),
(321, 'Nuevo cliente agregado: 1111111111 | suppla la estrella medellin | edgarobando@suppla.com', '2022-08-29', '17:18:46', 1, 1, 2),
(322, 'click en Clientes', '2022-08-29', '17:24:29', 1, 1, 2),
(323, 'click en Clientes', '2022-08-29', '17:24:37', 1, 1, 2),
(324, 'click en Clientes', '2022-08-29', '17:25:46', 1, 1, 2),
(325, 'click en Clientes', '2022-08-29', '17:27:23', 21, 1, 2),
(326, 'click en Clientes', '2022-08-29', '17:36:45', 21, 1, 2),
(327, 'click en Clientes', '2022-08-29', '17:38:06', 21, 1, 2),
(328, 'click en Clientes', '2022-08-29', '17:40:29', 21, 1, 2),
(329, 'click en Clientes', '2022-08-29', '17:46:44', 21, 1, 2),
(330, 'buscando cliente te', '2022-08-29', '17:46:50', 21, 1, 2),
(331, 'buscando cliente t', '2022-08-29', '17:47:06', 21, 1, 2),
(332, 'click en Clientes', '2022-08-29', '17:47:18', 21, 1, 2),
(333, 'Nuevo cliente agregado: 1111111111 | suppla medellin olaya | laura.gonzalez@dhl.com', '2022-08-29', '17:50:21', 21, 1, 2),
(334, 'buscando cliente t', '2022-08-29', '17:50:32', 21, 1, 2),
(335, 'solicitando edicion del cliente 1111111111', '2022-08-29', '17:50:39', 21, 1, 2),
(336, 'Datos de cliente actualizados: 1111111111 | suppla la estrella medellin | edgar.obando@suppla.com', '2022-08-29', '17:50:57', 21, 1, 2),
(337, 'buscando cliente t', '2022-08-29', '17:51:05', 21, 1, 2),
(338, 'click en Clientes', '2022-08-29', '17:51:38', 21, 1, 2),
(339, 'click en Clientes', '2022-08-29', '18:13:02', 21, 1, 2),
(340, 'Nuevo cliente agregado: 1111111111 | suppla barranquilla PIC | renso.silvera@dhl.com', '2022-08-29', '18:17:43', 21, 1, 2),
(341, 'click en Clientes', '2022-08-29', '18:18:36', 21, 1, 2),
(342, 'buscando cliente t', '2022-08-29', '18:18:42', 21, 1, 2),
(343, 'Nuevo cliente agregado: 1111111111 | biomeriux | Josealberto.villamizarv@dhl.com', '2022-08-29', '18:21:24', 21, 1, 2),
(344, 'Nuevo cliente agregado: 1111111111 | grunenthal | Josealberto.villamizarv@dhl.com', '2022-08-29', '18:21:42', 21, 1, 2),
(345, 'Nuevo cliente agregado: 1111111111 | aduanas | Josealberto.villamizarv@dhl.com', '2022-08-29', '18:21:54', 21, 1, 2),
(346, 'Nuevo cliente agregado: 1111111111 | administrativa novartis | Josealberto.villamizarv@dhl.com', '2022-08-29', '18:22:13', 21, 1, 2),
(347, 'Nuevo cliente agregado: 1111111111 | americas | Josealberto.villamizarv@dhl.com', '2022-08-29', '18:23:12', 21, 1, 2),
(348, 'Nuevo cliente agregado: 1111111111 | cali salomia la francol | LauraDayana.MontenegroG@dhl.com', '2022-08-29', '18:25:36', 21, 1, 2),
(349, 'Nuevo cliente agregado: 1111111111 | cali salomia baxter | Carolina.RinconT@dhl.com', '2022-08-29', '18:26:28', 21, 1, 2),
(350, 'Nuevo cliente agregado: 1111111111 | yumbo cortijo 9 multiusuario | Carolina.RinconT@dhl.com', '2022-08-29', '18:28:12', 21, 1, 2),
(351, 'buscando cliente t', '2022-08-29', '18:28:20', 21, 1, 2),
(352, 'click en Clientes', '2022-08-29', '18:28:29', 21, 1, 2),
(353, 'buscando cliente t', '2022-08-29', '18:28:36', 21, 1, 2),
(354, 'click en Clientes', '2022-08-29', '18:29:44', 21, 1, 2),
(355, 'buscando cliente t', '2022-08-29', '18:29:52', 21, 1, 2),
(356, 'click en Clientes', '2022-08-29', '18:31:52', 21, 1, 2),
(357, 'buscando cliente t', '2022-08-29', '18:31:58', 21, 1, 2),
(358, 'solicitando edicion del cliente 1111111111', '2022-08-29', '18:32:27', 21, 1, 2),
(359, 'click en Clientes', '2022-08-29', '18:32:41', 21, 1, 2),
(360, 'buscando cliente t', '2022-08-29', '18:32:50', 21, 1, 2),
(361, 'click en Clientes', '2022-08-29', '18:34:58', 21, 1, 2),
(362, 'buscando cliente t', '2022-08-29', '18:35:04', 21, 1, 2),
(363, 'click en Clientes', '2022-08-29', '18:35:22', 21, 1, 2),
(364, 'buscando cliente t', '2022-08-29', '18:35:29', 21, 1, 2),
(365, 'click en Usuarios', '2022-08-30', '07:58:35', 22, 4, 4),
(366, 'click en Historial', '2022-08-30', '07:59:13', 22, 4, 4),
(367, 'click en Historial', '2022-08-30', '07:59:17', 22, 4, 4),
(368, 'click en Configuración', '2022-08-30', '07:59:23', 22, 4, 4),
(369, 'click en Usuarios', '2022-08-30', '07:59:28', 22, 4, 4),
(370, 'click en Clientes', '2022-08-30', '08:05:55', 22, 4, 2),
(371, 'click en Configuración', '2022-08-30', '08:15:14', 22, 4, 2),
(372, 'Cambio de contraseña: ', '2022-08-30', '08:16:34', 22, 4, 2),
(373, 'click en Cerrar Sesión', '2022-08-30', '08:16:35', 22, 4, 2),
(374, 'click en Historial', '2022-08-30', '08:18:48', 22, 4, 4),
(375, 'click en Historial', '2022-08-30', '08:18:48', 22, 4, 4),
(376, 'click en Usuarios', '2022-08-30', '08:18:52', 22, 4, 4),
(377, 'click en Usuarios', '2022-08-30', '09:09:38', 23, 4, 4),
(378, 'click en Configuración', '2022-08-30', '10:28:37', 1, 5, 2),
(379, 'Cambio de contraseña: ', '2022-08-30', '10:30:10', 1, 5, 2),
(380, 'click en Cerrar Sesión', '2022-08-30', '10:30:19', 1, 5, 2),
(381, 'click en Informes', '2022-08-30', '10:31:16', 1, 5, 2),
(382, 'click en Clientes', '2022-08-30', '10:31:26', 1, 5, 2),
(383, 'click en Clientes', '2022-08-30', '10:31:35', 1, 5, 2),
(384, 'click en Historial', '2022-08-30', '10:37:48', 22, 4, 2),
(385, 'click en Configuración', '2022-08-30', '10:37:49', 22, 4, 2),
(386, 'click en Clientes', '2022-08-30', '10:37:51', 22, 4, 2),
(387, 'click en Informes', '2022-08-30', '10:37:52', 22, 4, 2),
(388, 'click en Clientes', '2022-08-30', '10:37:54', 22, 4, 2),
(389, 'click en Informes', '2022-08-30', '10:42:54', 22, 4, 2),
(390, 'click en Clientes', '2022-08-30', '10:42:56', 22, 4, 2),
(391, 'click en Clientes\n', '2022-08-30', '10:43:19', 1, 2, 2),
(392, 'click en Clientes', '2022-08-30', '10:48:01', 22, 4, 2),
(393, 'buscando cliente havana centro', '2022-08-30', '10:48:47', 22, 4, 2),
(394, 'solicitando edicion del cliente 1111111111', '2022-08-30', '10:49:56', 22, 4, 2),
(395, 'solicitando edicion del cliente 1111111111', '2022-08-30', '10:55:09', 22, 4, 2),
(396, 'click en Informes', '2022-08-30', '14:13:22', 1, 2, 1),
(397, 'click en Cerrar Sesión', '2022-08-30', '14:13:41', 1, 2, 1),
(398, 'click en Informes', '2022-08-30', '14:15:31', 1, 2, 1),
(399, 'click en Consultar Máquina', '2022-08-30', '14:15:49', 1, 2, 1),
(400, 'Buscando maquina con texto: 123', '2022-08-30', '14:15:56', 1, 2, 1),
(401, 'Buscando maquina con texto: 678', '2022-08-30', '14:16:06', 1, 2, 1),
(402, 'Buscando maquina con texto: T', '2022-08-30', '14:16:14', 1, 2, 1),
(403, 'Buscando maquina con texto: t', '2022-08-30', '14:16:20', 1, 2, 1),
(404, 'click en Historial', '2022-08-30', '14:16:25', 1, 2, 1),
(405, 'click en Configuración', '2022-08-30', '14:16:38', 1, 2, 1),
(406, 'click en Cerrar Sesión', '2022-08-30', '14:16:43', 1, 2, 1),
(407, 'click en Informes', '2022-08-30', '14:17:19', 1, 2, 1),
(408, 'click en Consultar Máquina', '2022-08-30', '21:34:18', 1, 1, 1),
(409, 'Buscando maquina con texto: 123', '2022-08-30', '21:34:27', 1, 1, 1),
(410, 'click en Historial', '2022-08-30', '21:34:43', 1, 1, 1),
(411, 'click en Configuración', '2022-08-30', '21:34:55', 1, 1, 1),
(412, 'click en Informes', '2022-08-30', '21:35:28', 1, 1, 1),
(413, '123', '2022-08-30', '21:36:53', 1, 1, 1),
(414, 'click en Cerrar Sesión', '2022-08-30', '21:45:01', 24, 1, 1),
(415, 'click en Cerrar Sesión', '2022-08-30', '21:46:27', 24, 1, 1),
(416, 'click en Informes', '2022-08-30', '21:47:40', 24, 1, 1),
(417, 'click en Consultar Máquina', '2022-08-30', '21:47:46', 24, 1, 1),
(418, 'click en Historial', '2022-08-30', '21:47:53', 24, 1, 1),
(419, 'click en Configuración', '2022-08-30', '21:48:00', 24, 1, 1),
(420, 'click en Cerrar Sesión', '2022-08-30', '21:48:03', 24, 1, 1),
(421, 'click en Informes', '2022-08-30', '21:48:09', 24, 1, 1),
(422, 'click en Cerrar Sesión', '2022-08-30', '21:52:19', 24, 1, 1),
(423, 'click en Informes', '2022-08-30', '21:58:06', 24, 1, 1),
(424, 'click en Consultar Máquina', '2022-08-30', '21:58:10', 24, 1, 1),
(425, 'click en Historial', '2022-08-30', '21:58:12', 24, 1, 1),
(426, 'click en Configuración', '2022-08-30', '21:58:13', 24, 1, 1),
(427, 'click en Cerrar Sesión', '2022-08-30', '21:58:15', 24, 1, 1),
(428, 'click en Informes', '2022-08-30', '21:58:17', 24, 1, 1),
(429, 'click en Consultar Máquina', '2022-08-30', '22:01:40', 24, 1, 1),
(430, 'click en Historial', '2022-08-30', '22:01:41', 24, 1, 1),
(431, 'click en Configuración', '2022-08-30', '22:01:42', 24, 1, 1),
(432, 'click en Cerrar Sesión', '2022-08-30', '22:01:42', 24, 1, 1),
(433, 'click en Informes', '2022-08-30', '22:01:44', 24, 1, 1),
(434, 'click en Cerrar Sesión', '2022-08-30', '22:03:39', 24, 1, 1),
(435, 'click en Informes', '2022-08-30', '22:17:14', 24, 1, 1),
(436, 'click en Consultar Máquina', '2022-08-30', '22:17:17', 24, 1, 1),
(437, 'click en Historial', '2022-08-30', '22:17:21', 24, 1, 1),
(438, 'click en Configuración', '2022-08-30', '22:17:24', 24, 1, 1),
(439, 'click en Cerrar Sesión', '2022-08-30', '22:17:25', 24, 1, 1),
(440, 'click en Informes', '2022-08-30', '22:17:31', 24, 1, 1),
(441, '123', '2022-08-30', '22:20:16', 24, 1, 1),
(442, 'Reporte creado. \nContenido: \n\n- Imagen Firma cliente almacenada correctamente.\n- Imagen Qr img almacenada correctamente.\n- Nuevo reporte insertado. \nSerial del reporte:\nTRE2208302241000003', '2022-08-30', '22:25:02', 24, 1, 1),
(443, 'click en Consultar Máquina', '2022-08-30', '22:27:22', 24, 1, 1),
(444, 'Buscando maquina con texto: 123', '2022-08-30', '22:27:42', 24, 1, 1),
(445, 'abriendo escaner QR: ', '2022-08-30', '22:28:25', 24, 1, 1),
(446, 'cerrando escaner QR: ', '2022-08-30', '22:28:48', 24, 1, 1),
(447, 'click en Historial', '2022-08-30', '22:28:57', 24, 1, 1),
(448, 'click en Configuración', '2022-08-30', '22:30:09', 24, 1, 1),
(449, 'click en Clientes', '2022-08-31', '08:09:24', 1, 5, 2),
(450, 'click en Historial', '2022-08-31', '08:09:25', 1, 5, 2),
(451, 'click en Clientes', '2022-08-31', '08:09:27', 1, 5, 2),
(452, 'click en Informes', '2022-08-31', '08:09:28', 1, 5, 2),
(453, 'click en Clientes', '2022-08-31', '08:09:29', 1, 5, 2),
(454, 'click en Informes\n', '2022-08-31', '08:11:06', 25, 2, 2),
(455, 'click en Informes\n', '2022-08-31', '08:11:41', 25, 2, 2),
(456, 'click en Historial', '2022-08-31', '08:12:21', 1, 5, 2),
(457, 'click en Clientes', '2022-08-31', '08:12:43', 1, 5, 2),
(458, 'click en Informes', '2022-08-31', '08:12:45', 1, 5, 2),
(459, 'click en Clientes', '2022-08-31', '08:12:50', 1, 5, 2),
(460, 'click en Historial', '2022-08-31', '08:12:51', 1, 5, 2),
(461, 'click en Informes', '2022-08-31', '08:13:11', 1, 5, 2),
(462, 'click en Clientes', '2022-08-31', '08:13:11', 1, 5, 2),
(463, 'click en Configuración', '2022-08-31', '08:13:32', 1, 5, 2),
(464, 'click en Clientes', '2022-08-31', '08:13:34', 1, 5, 2),
(465, 'click en Historial', '2022-08-31', '08:13:35', 1, 5, 2),
(466, 'click en Clientes', '2022-08-31', '08:13:37', 1, 5, 2),
(467, 'click en Historial', '2022-08-31', '08:13:37', 1, 5, 2),
(468, 'click en Clientes', '2022-08-31', '08:14:21', 1, 5, 2),
(469, 'click en Clientes', '2022-08-31', '08:14:49', 1, 5, 2),
(470, 'click en Usuarios', '2022-08-31', '08:31:18', 26, 4, 4),
(471, 'click en Clientes', '2022-08-31', '09:31:15', 27, 4, 2),
(472, 'buscando cliente havana centro', '2022-08-31', '09:32:18', 27, 4, 2),
(473, 'click en Clientes', '2022-08-31', '09:32:25', 1, 5, 2),
(474, 'buscando cliente HAVANA CENTRO', '2022-08-31', '09:33:21', 1, 5, 2),
(475, 'solicitando edicion del cliente 1111111111', '2022-08-31', '09:34:47', 1, 5, 2),
(476, 'click en Clientes', '2022-08-31', '09:37:12', 28, 4, 2),
(477, 'click en Clientes', '2022-08-31', '09:38:36', 1, 5, 2),
(478, 'click en Clientes', '2022-08-31', '09:38:38', 1, 5, 2),
(479, 'click en Clientes', '2022-08-31', '09:38:41', 1, 5, 2),
(480, 'click en Clientes', '2022-08-31', '09:38:42', 1, 5, 2),
(481, 'click en Clientes', '2022-08-31', '09:38:42', 1, 5, 2),
(482, 'buscando cliente havana centro', '2022-08-31', '09:39:36', 28, 4, 2),
(483, 'buscando cliente havana centro', '2022-08-31', '09:39:36', 28, 4, 2),
(484, 'click en Clientes', '2022-08-31', '11:03:00', 28, 4, 2),
(485, 'click en Informes', '2022-08-31', '11:04:51', 28, 4, 2),
(486, 'click en Clientes\n', '2022-08-31', '14:40:39', 1, 2, 2),
(487, 'click en Clientes\n', '2022-08-31', '14:52:04', 1, 2, 2),
(488, 'click en Clientes\n', '2022-08-31', '14:53:56', 1, 2, 2),
(489, 'click en Historial\n', '2022-08-31', '14:53:58', 1, 2, 2),
(490, 'click en Clientes\n', '2022-08-31', '14:54:16', 1, 2, 2),
(491, 'click en Clientes\n', '2022-08-31', '15:05:47', 1, 2, 2),
(492, 'click en Informes\n', '2022-08-31', '15:06:29', 1, 2, 2),
(493, 'click en Configuración\n', '2022-08-31', '15:07:37', 1, 2, 2),
(494, 'click en Cerrar Sesión\n', '2022-08-31', '15:07:39', 1, 2, 2),
(495, 'click en Informes\n', '2022-08-31', '15:08:13', 1, 2, 2),
(496, 'click en Historial\n', '2022-08-31', '15:08:26', 1, 2, 2),
(497, 'click en Clientes\n', '2022-08-31', '15:08:28', 1, 2, 2),
(498, 'click en Clientes', '2022-08-31', '15:10:21', 28, 4, 2),
(499, 'buscando cliente havana centro', '2022-08-31', '15:10:27', 28, 4, 2),
(500, 'click en Clientes\n', '2022-08-31', '15:09:57', 29, 2, 2),
(501, 'click en Informes', '2022-08-31', '15:13:32', 28, 4, 2),
(502, 'click en Clientes', '2022-08-31', '15:13:35', 28, 4, 2),
(503, 'click en Informes', '2022-08-31', '15:13:38', 28, 4, 2),
(504, 'click en Clientes', '2022-08-31', '15:13:39', 28, 4, 2),
(505, 'click en Informes', '2022-08-31', '15:14:14', 28, 4, 2),
(506, 'click en Informes', '2022-08-31', '15:14:14', 28, 4, 2),
(507, 'click en Informes', '2022-08-31', '15:14:53', 28, 4, 2),
(508, 'click en Clientes', '2022-08-31', '15:17:24', 28, 4, 2),
(509, 'buscando cliente americas', '2022-08-31', '15:18:50', 28, 4, 2),
(510, 'click en Clientes\n', '2022-08-31', '15:18:24', 1, 2, 2),
(511, 'buscando cliente Americas', '2022-08-31', '15:18:38', 1, 2, 2),
(512, 'solicitando edicion del cliente 1111111111', '2022-08-31', '15:19:41', 28, 4, 2),
(513, 'buscando cliente havana centro', '2022-08-31', '15:20:18', 28, 4, 2),
(514, 'buscando cliente havana centro', '2022-08-31', '15:20:19', 28, 4, 2),
(515, 'buscando cliente Havana centro', '2022-08-31', '15:19:40', 1, 2, 2),
(516, 'solicitando edicion del cliente 1111111111', '2022-08-31', '15:21:31', 28, 4, 2),
(517, 'buscando cliente Havana centro', '2022-08-31', '15:21:06', 1, 2, 2),
(518, 'buscando cliente Americas', '2022-08-31', '15:21:24', 1, 2, 2),
(519, 'buscando cliente HAVANA CENTRO', '2022-08-31', '15:22:54', 28, 4, 2),
(520, 'buscando cliente AMERICAS', '2022-08-31', '15:23:07', 28, 4, 2),
(521, 'buscando cliente ADUANAS', '2022-08-31', '15:23:33', 28, 4, 2),
(522, 'buscando cliente Aduanas', '2022-08-31', '15:23:40', 1, 2, 2),
(523, 'click en Informes', '2022-08-31', '15:25:07', 28, 4, 2),
(524, 'click en Configuración\n', '2022-08-31', '15:26:09', 1, 2, 2),
(525, 'click en Configuración\n', '2022-08-31', '15:26:39', 1, 2, 2),
(526, 'Cambio de contraseña: ', '2022-08-31', '15:28:48', 1, 2, 2),
(527, 'click en Cerrar Sesión\n', '2022-08-31', '15:28:51', 1, 2, 2),
(528, 'click en Cerrar Sesión\n', '2022-08-31', '15:29:31', 29, 2, 2),
(529, 'click en Clientes\n', '2022-08-31', '15:30:52', 30, 2, 2),
(530, 'buscando cliente Americas', '2022-08-31', '15:31:06', 30, 2, 2),
(531, 'click en Clientes\n', '2022-08-31', '15:33:33', 1, 2, 2),
(532, 'buscando cliente Americas', '2022-08-31', '15:33:43', 1, 2, 2),
(533, 'click en Informes\n', '2022-08-31', '15:33:48', 1, 2, 2),
(534, 'click en Historial\n', '2022-08-31', '15:34:06', 1, 2, 2),
(535, 'click en Historial\n', '2022-08-31', '15:34:13', 1, 2, 2),
(536, 'click en Historial', '2022-08-31', '15:35:01', 28, 4, 2),
(537, 'click en Configuración\n', '2022-08-31', '15:34:22', 1, 2, 2),
(538, 'click en Informes\n', '2022-08-31', '15:34:27', 1, 2, 2),
(539, 'click en Informes', '2022-08-31', '15:35:23', 28, 4, 2),
(540, 'click en Cerrar Sesión\n', '2022-08-31', '15:35:05', 1, 2, 2),
(541, 'click en Clientes', '2022-08-31', '15:47:20', 28, 4, 2),
(542, 'click en Informes', '2022-08-31', '15:47:24', 28, 4, 2),
(543, 'click en Clientes', '2022-08-31', '15:47:31', 28, 4, 2),
(544, 'click en Clientes', '2022-08-31', '16:07:26', 1, 1, 2),
(545, 'buscando cliente t', '2022-08-31', '16:07:47', 1, 1, 2),
(546, 'buscando cliente havana ', '2022-08-31', '16:09:04', 1, 1, 2),
(547, 'buscando cliente yesid', '2022-08-31', '16:21:27', 1, 1, 2),
(548, 'buscando cliente n:1111111111', '2022-08-31', '16:22:22', 1, 1, 2),
(549, 'click en Informes', '2022-08-31', '20:21:32', 24, 1, 1),
(550, 'click en Informes', '2022-08-31', '20:23:14', 24, 1, 1),
(551, 'click en Consultar Máquina', '2022-08-31', '20:23:25', 24, 1, 1),
(552, 'click en Historial', '2022-08-31', '20:25:19', 24, 1, 1),
(553, 'click en Configuración', '2022-08-31', '20:27:14', 24, 1, 1),
(554, 'click en Informes', '2022-08-31', '20:38:47', 24, 1, 1),
(555, 'click en Informes', '2022-08-31', '20:45:49', 24, 1, 1),
(556, 'Buscando clientes: $2y$10$j6DSP3HKQQw6WyW/J/CW4uOk3XnglYpueOm.nDw6asYmmU/VVPGky | ', '2022-08-31', '21:17:35', 24, 1, 1),
(557, 'click en Cerrar Sesión', '2022-08-31', '21:26:45', 24, 1, 1),
(558, 'click en Informes', '2022-08-31', '21:28:57', 24, 1, 1),
(559, 'click en Consultar Máquina', '2022-08-31', '21:29:09', 24, 1, 1),
(560, 'abriendo escaner QR: ', '2022-08-31', '21:29:21', 24, 1, 1),
(561, 'cerrando escaner QR: ', '2022-08-31', '21:29:25', 24, 1, 1),
(562, 'click en Historial', '2022-08-31', '21:29:30', 24, 1, 1),
(563, 'click en Configuración', '2022-08-31', '21:30:00', 24, 1, 1),
(564, 'click en Cerrar Sesión', '2022-08-31', '21:30:33', 24, 1, 1),
(565, 'click en Informes', '2022-08-31', '21:31:16', 24, 1, 1),
(566, 'click en Consultar Máquina', '2022-08-31', '21:31:21', 24, 1, 1),
(567, 'Buscando maquina con texto: 321', '2022-08-31', '21:31:55', 24, 1, 1),
(568, 'click en Configuración', '2022-08-31', '21:32:03', 24, 1, 1),
(569, 'click en Informes', '2022-08-31', '21:32:58', 24, 1, 1),
(570, 'click en Cerrar Sesión', '2022-08-31', '21:44:15', 1, 1, 1),
(571, 'click en Informes', '2022-08-31', '21:47:55', 24, 1, 1),
(572, 'click en Consultar Máquina', '2022-08-31', '21:48:14', 24, 1, 1),
(573, 'abriendo escaner QR: ', '2022-08-31', '21:48:25', 24, 1, 1),
(574, 'cerrando escaner QR: ', '2022-08-31', '21:48:31', 24, 1, 1),
(575, 'click en Historial', '2022-08-31', '21:48:36', 24, 1, 1),
(576, 'click en Configuración', '2022-08-31', '21:49:04', 24, 1, 1),
(577, 'click en Consultar Máquina', '2022-08-31', '21:50:00', 24, 1, 1),
(578, 'Buscando maquina con texto: 321', '2022-08-31', '21:50:27', 24, 1, 1),
(579, 'click en Configuración', '2022-08-31', '21:50:35', 24, 1, 1),
(580, 'click en Informes', '2022-08-31', '21:51:38', 24, 1, 1),
(581, '123', '2022-08-31', '21:54:56', 24, 1, 1),
(582, 'Reporte creado. \nContenido: \n\n- Imagen Firma cliente almacenada correctamente.\n- Imagen Qr img almacenada correctamente.\n- Nuevo reporte insertado. \nSerial del reporte:\nTRE2208312104000004', '2022-08-31', '21:59:32', 24, 1, 1),
(583, 'click en Informes', '2022-08-31', '22:01:01', 24, 1, 1),
(584, 'click en Cerrar Sesión', '2022-08-31', '22:19:13', 24, 1, 1),
(585, 'click en Informes', '2022-08-31', '22:19:56', 24, 2, 1),
(586, 'click en Consultar Máquina', '2022-09-01', '14:26:23', 1, 1, 1),
(587, 'abriendo escaner QR: ', '2022-09-01', '14:26:24', 1, 1, 1),
(588, 'click en Consultar Máquina', '2022-09-01', '14:26:52', 1, 1, 1),
(589, 'abriendo escaner QR: ', '2022-09-01', '14:26:54', 1, 1, 1),
(590, 'cerrando escaner QR: ', '2022-09-01', '14:27:10', 1, 1, 1),
(591, 'abriendo escaner QR: ', '2022-09-01', '14:27:18', 1, 1, 1),
(592, 'cerrando escaner QR: ', '2022-09-01', '14:27:21', 1, 1, 1),
(593, 'abriendo escaner QR: ', '2022-09-01', '14:27:22', 1, 1, 1),
(594, 'cerrando escaner QR: ', '2022-09-01', '14:27:28', 1, 1, 1),
(595, 'click en Consultar Máquina', '2022-09-01', '14:28:07', 1, 1, 1),
(596, 'abriendo escaner QR: ', '2022-09-01', '14:28:08', 1, 1, 1),
(597, 'cerrando escaner QR: ', '2022-09-01', '14:28:11', 1, 1, 1),
(598, 'click en Consultar Máquina', '2022-09-01', '14:29:21', 1, 1, 1),
(599, 'abriendo escaner QR: ', '2022-09-01', '14:29:23', 1, 1, 1),
(600, 'cerrando escaner QR: ', '2022-09-01', '14:29:30', 1, 1, 1),
(601, 'abriendo escaner QR: ', '2022-09-01', '14:29:32', 1, 1, 1),
(602, 'cerrando escaner QR: ', '2022-09-01', '14:29:34', 1, 1, 1),
(603, 'click en Cerrar Sesión', '2022-09-01', '14:29:37', 1, 1, 1),
(604, 'click en Consultar Máquina', '2022-09-01', '14:31:13', 1, 2, 1),
(605, 'abriendo escaner QR: ', '2022-09-01', '14:31:14', 1, 2, 1),
(606, 'cerrando escaner QR: ', '2022-09-01', '14:31:20', 1, 2, 1),
(607, 'click en Cerrar Sesión', '2022-09-01', '14:31:22', 1, 2, 1),
(608, 'click en Informes', '2022-09-01', '14:42:08', 31, 2, 1),
(609, 'click en Proveedores', '2022-09-01', '14:43:36', 31, 1, 3),
(610, 'busqueda de proveedor por t', '2022-09-01', '14:43:41', 31, 1, 3),
(611, 'click en Productos', '2022-09-01', '14:43:49', 31, 1, 3),
(612, 'click en Informes', '2022-09-01', '14:46:20', 31, 2, 1),
(613, 'click en Informes', '2022-09-01', '14:53:56', 1, 2, 1),
(614, 'Buscando clientes: $2y$10$j6DSP3HKQQw6WyW/J/CW4uOk3XnglYpueOm.nDw6asYmmU/VVPGky | ', '2022-09-01', '14:55:10', 31, 2, 1),
(615, 'click en Cerrar Sesión', '2022-09-01', '14:57:20', 31, 2, 1),
(616, 'click en Informes', '2022-09-01', '14:58:03', 31, 3, 1),
(617, 'click en Informes', '2022-09-01', '14:59:23', 31, 3, 1),
(618, 'click en Informes', '2022-09-01', '15:00:00', 31, 3, 1),
(619, 'click en Productos', '2022-09-01', '15:02:25', 31, 1, 3),
(620, 'Buscando clientes: $2y$10$j6DSP3HKQQw6WyW/J/CW4uOk3XnglYpueOm.nDw6asYmmU/VVPGky | ', '2022-09-01', '15:05:27', 31, 3, 1),
(621, 'click en Consultar Máquina', '2022-09-01', '15:07:50', 1, 3, 1),
(622, 'click en Informes', '2022-09-01', '15:07:54', 31, 3, 1),
(623, 'click en Informes', '2022-09-01', '15:08:17', 31, 3, 1),
(624, 'Buscando clientes: $2y$10$j6DSP3HKQQw6WyW/J/CW4uOk3XnglYpueOm.nDw6asYmmU/VVPGky | ', '2022-09-01', '15:09:17', 31, 3, 1),
(625, 'click en Cerrar Sesión', '2022-09-01', '15:16:33', 31, 3, 1),
(626, 'click en Informes', '2022-09-01', '15:16:59', 31, 3, 1),
(627, 'Buscando clientes: $2y$10$j6DSP3HKQQw6WyW/J/CW4uOk3XnglYpueOm.nDw6asYmmU/VVPGky | ', '2022-09-01', '15:17:34', 31, 3, 1),
(628, 'click en Informes', '2022-09-01', '15:21:45', 31, 3, 1),
(629, 'Buscando clientes: $2y$10$j6DSP3HKQQw6WyW/J/CW4uOk3XnglYpueOm.nDw6asYmmU/VVPGky | ', '2022-09-01', '15:22:10', 31, 3, 1),
(630, 'click en Informes', '2022-09-01', '15:24:36', 31, 3, 1),
(631, 'click en Informes', '2022-09-01', '15:25:13', 31, 3, 1),
(632, 'Buscando clientes: $2y$10$j6DSP3HKQQw6WyW/J/CW4uOk3XnglYpueOm.nDw6asYmmU/VVPGky | ', '2022-09-01', '15:27:38', 31, 3, 1),
(633, 'click en Informes', '2022-09-01', '15:37:59', 1, 3, 1),
(634, 'Buscando clientes: $2y$10$j6DSP3HKQQw6WyW/J/CW4uOk3XnglYpueOm.nDw6asYmmU/VVPGky | ', '2022-09-01', '15:38:26', 1, 3, 1);

-- --------------------------------------------------------

--
-- Estructura de tabla para la tabla `type_user`
--

CREATE TABLE `type_user` (
  `idTypeUser` int NOT NULL,
  `TypeUser` varchar(50) CHARACTER SET utf8mb3 COLLATE utf8_unicode_ci NOT NULL
) ENGINE=InnoDB DEFAULT CHARSET=utf8mb3 COLLATE=utf8_unicode_ci;

--
-- Volcado de datos para la tabla `type_user`
--

INSERT INTO `type_user` (`idTypeUser`, `TypeUser`) VALUES
(1, 'technical'),
(2, 'administrative'),
(3, 'cellar'),
(4, 'superuser');

--
-- Índices para tablas volcadas
--

--
-- Indices de la tabla `location_records`
--
ALTER TABLE `location_records`
  ADD PRIMARY KEY (`idLocationRecord`);

--
-- Indices de la tabla `records`
--
ALTER TABLE `records`
  ADD PRIMARY KEY (`idRecord`),
  ADD KEY `idLocationReport` (`idLocationRecord`),
  ADD KEY `idTypeUser` (`idTypeUser`);

--
-- Indices de la tabla `type_user`
--
ALTER TABLE `type_user`
  ADD PRIMARY KEY (`idTypeUser`);

--
-- AUTO_INCREMENT de las tablas volcadas
--

--
-- AUTO_INCREMENT de la tabla `location_records`
--
ALTER TABLE `location_records`
  MODIFY `idLocationRecord` int NOT NULL AUTO_INCREMENT, AUTO_INCREMENT=32;

--
-- AUTO_INCREMENT de la tabla `records`
--
ALTER TABLE `records`
  MODIFY `idRecord` int NOT NULL AUTO_INCREMENT, AUTO_INCREMENT=635;

--
-- AUTO_INCREMENT de la tabla `type_user`
--
ALTER TABLE `type_user`
  MODIFY `idTypeUser` int NOT NULL AUTO_INCREMENT, AUTO_INCREMENT=5;

--
-- Restricciones para tablas volcadas
--

--
-- Filtros para la tabla `records`
--
ALTER TABLE `records`
  ADD CONSTRAINT `records_ibfk_1` FOREIGN KEY (`idLocationRecord`) REFERENCES `location_records` (`idLocationRecord`),
  ADD CONSTRAINT `records_ibfk_2` FOREIGN KEY (`idTypeUser`) REFERENCES `type_user` (`idTypeUser`);
COMMIT;

/*!40101 SET CHARACTER_SET_CLIENT=@OLD_CHARACTER_SET_CLIENT */;
/*!40101 SET CHARACTER_SET_RESULTS=@OLD_CHARACTER_SET_RESULTS */;
/*!40101 SET COLLATION_CONNECTION=@OLD_COLLATION_CONNECTION */;
